position,company,location,status,period
"Sr Manager, Medical Affairs",Gilead Sciences,서울,초기 지원자가 되세요,1주 전
Automotive Graphics SW APPS Engineering – Staff Engineer (Magok),Qualcomm,서울,초기 지원자가 되세요,1주 전
"Senior Software Engineer – iOS (Bangkok based, relocation provided)",Agoda,서울,초기 지원자가 되세요,2주 전
"Sr. Developer, SAP HR/Payroll",Rimini Street,대한민국,초기 지원자가 되세요,3일 전
Software Engineer: Embedded,ThorDrive,서울,초기 지원자가 되세요,3주 전
Xamarin Forms Developer,Sibel Health,"서울, 대한민국",초기 지원자가 되세요,2개월 전
[리테일/유통관리] Senior Merchandising Manager,Robert Walters,서울,초기 지원자가 되세요,1개월 전
"Senior Sales Leadership Development Manager, APAC",Intuitive,"서울, 대한민국",초기 지원자가 되세요,1주 전
Indirect Tax Senior Manager (Bangkok-Based),Agoda,서울,초기 지원자가 되세요,2주 전
[헬스케어/품질관리] Senior RAQA Manager,Robert Walters,서울,초기 지원자가 되세요,1주 전
[Global Biz Dev Div.] Senior Global Business Development Manager (10년 이상),KRAFTON Inc.,서울,초기 지원자가 되세요,1개월 전
Data Manager,Upstage,용인,초기 지원자가 되세요,2개월 전
"Manager, Analytics Commercial",NielsenIQ,서울,초기 지원자가 되세요,2주 전
[리테일/유통관리] Retail Merchandising Manager,Robert Walters,서울,초기 지원자가 되세요,3주 전
Retail Director,Mackinnon Bruce International,"서울, 대한민국",적극 채용중,2주 전
서버 개발자 Python(Django) Developer 채용 (시니어),아테나스랩 주식회사,마포구,초기 지원자가 되세요,3주 전
Anti-Money Laundering Officer,가디언홀딩스,"서울, 대한민국",초기 지원자가 되세요,3주 전
Frontend Developer (KR),FreeD Group,"서울, 대한민국",적극 채용중,5개월 전
"Sr. Manager, Business Analysis (Business Insight)",Coupang,"서울, 대한민국",초기 지원자가 되세요,1주 전
"Senior Team Leader, Controlling",TÜV SÜD,서울,초기 지원자가 되세요,3주 전
Assistant Commercial Finance Manager,BAT,"경상남도, 대한민국",초기 지원자가 되세요,2주 전
Senior Business Analyst (Marketplace Business Intelligence),Coupang,"서울, 대한민국",초기 지원자가 되세요,1주 전
회계팀 Sr. Accounting Manager(홈IoT),(주)직방 (ZIGBANG),대한민국,초기 지원자가 되세요,1주 전
Accounting Manager,Arkema,"서울, 대한민국",적극 채용중,3주 전
